{
  "Name": "Dumbbell Driver To Reaver Karambit",
  "Icon": "https://i.imgur.com/6tuDH3I.png",
  "Swapicon": "https://fortnite.gg/img/items/10161/icon.png?1",
  "Message": "Made by EpicDoge",
  "Assets": [
    {
      "AssetPath": "FortniteGame/Content/Athena/Items/Weapons/Weapon_Pickaxe_BrawnyBass",
      "AssetPathTo": "",
      "Swaps": [
        {
          "type": "string",
          "search": "/Game/Weapons/FORT_Melee/Pickaxe_BrawnyBass/Meshes/BrawnyBass_Axe.BrawnyBass_Axe",
          "replace": "/ReaverKarambit/ReaverKarambit.ReaverKarambit",
          "UEFN": true
        },
        {
          "type": "string",
          "search": "/Game/Weapons/FORT_Melee/Pickaxe_BrawnyBass/FX/NS_Pickaxe_BrawnyBass_Trail.NS_Pickaxe_BrawnyBass_Trail",
          "replace": "/Game/Weapons/FORT_Melee/Pickaxe_MadameMoth/FX/NS_Pickaxe_MadameMoth_AnimTrail.NS_Pickaxe_MadameMoth_AnimTrail"
        },
        {
          "type": "string",
          "search": "/Game/UI/Foundation/Textures/Icons/Weapons/Items/S26/T-Icon-Pickaxes-BrawnyBass.T-Icon-Pickaxes-BrawnyBass",
          "replace": "/ReaverKarambit/ReaverKarambitIcon.ReaverKarambitIcon",
          "UEFN": true
        },
        {
          "type": "hex",
          "search": "4B 00 00 00 00 00 00 00 00 00 00 00 03",
          "replace": "4B 00 00 00 00 00 00 00 00 00 00 00 05"
        }
      ]
    },
    {
      "AssetPath": "FortniteGame/Content/Athena/Items/Cosmetics/PickAxes/Pickaxe_BrawnyBass",
      "AssetPathTo": "",
      "Swaps": [
        {
          "type": "hex",
          "search": "44 75 6D 62 62 65 6C 6C 20 44 72 69 76 65 72",
          "replace": "52 65 61 76 65 72 20 4B 61 72 61 6D 62 69 74"
        }
      ]
    }
  ],
  "Downloadables": [
    {
      "zip": "https://github.com/EpicDogePlays/swapperplugins/releases/download/pluginfiles/Plugins1.zip"
    }
  ]
}