{
  "Name": "Stark Energy Pickaxe To Reaver Karambit",
  "Icon": "https://i.imgur.com/6tuDH3I.png",
  "Swapicon": "https://static.wikia.nocookie.net/fortnite/images/f/f5/Mark_85_Energy_Blade_-_Pickaxe_-_Fortnite.png",
  "Message": "Made by EpicDoge",
  "Assets": [
    {
      "AssetPath": "/Game/Athena/Items/Weapons/WID_Harvest_Pickaxe_HightowerTomato1H",
      "AssetPathTo": "",
      "Swaps": [
        {
          "type": "string",
          "search": "/Game/Weapons/FORT_Melee/Pickaxe_HighTower_Tomato/Meshes/HighTower_Tomato.HighTower_Tomato",
          "replace": "/ReaverKarambit/ReaverKarambit.ReaverKarambit",
          "UEFN": true
        },
        {
          "type": "string",
          "search": "/Game/Weapons/FORT_Melee/Pickaxe_HighTower_Tomato/FX/NS_HighTower_Tomato_AnimTrail.NS_HighTower_Tomato_AnimTrail",
          "replace": "/Game/Weapons/FORT_Melee/Pickaxe_MadameMoth/FX/NS_Pickaxe_MadameMoth_AnimTrail.NS_Pickaxe_MadameMoth_AnimTrail"
        },
        {
          "type": "string",
          "search": "/Game/Weapons/FORT_Melee/Pickaxe_HighTower_Tomato/FX/NS_HighTower_Tomato_Idle.NS_HighTower_Tomato_Idle",
          "replace": "/game/"
        },
        {
          "type": "string",
          "search": "/Game/UI/Foundation/Textures/Icons/Weapons/Items/T-Icon-Pickaxes-HTTomatoPickaxe.T-Icon-Pickaxes-HTTomatoPickaxe",
          "replace": "/ReaverKarambit/ReaverKarambitIcon.ReaverKarambitIcon",
          "UEFN": true
        },
        {
          "type": "string",
          "search": "/Game/UI/Foundation/Textures/Icons/Weapons/Items/T-Icon-Pickaxes-HTTomatoPickaxe-L.T-Icon-Pickaxes-HTTomatoPickaxe-L",
          "replace": "/ReaverKarambit/ReaverKarambitIcon.ReaverKarambitIcon",
          "UEFN": true
        },
        {
          "type": "hex",
          "search": "4E 00 00 00 00 00 00 00 00 00 00 00 03",
          "replace": "4E 00 00 00 00 00 00 00 00 00 00 00 05"
        }
      ]
    },
    {
      "AssetPath": "FortniteGame/Plugins/GameFeatures/BRCosmetics/Content/Athena/Items/Cosmetics/PickAxes/Pickaxe_ID_459_HightowerTomato1H",
      "AssetPathTo": "",
      "Swaps": [
        {
          "type": "hex",
          "search": "05 00 00 00 00 00 00 00 03",
          "replace": "05 00 00 00 00 00 00 00 05"
        },
        {
          "type": "hex",
          "search": "4D 61 72 6B 20 38 35 20 45 6E 65 72 67 79 20 42 6C 61 64 65",
          "replace": "52 65 61 76 65 72 20 4B 61 72 61 6D 62 69 74 00 00 00 00 00"
        }
      ]
    }
  ],
  "Downloadables": [
    {
      "zip": "https://github.com/EpicDogePlays/swapperplugins/releases/download/pluginfiles/Plugins1.zip"
    }
  ]
}